Sukhbaatar Duureg,Johnson,4,47.9267302,106.9304335
Songino Khairkhan,Peterson,3,47.8984334,106.6643772
